{"loss": [0.01725318655371666], "mae": [0.01725318655371666], "val_loss": [0.005028072278946638], "val_mae": [0.005028072278946638], "lr": [0.0010000000474974513]}