{"loss": [0.0042205932550132275, 0.002657218836247921, 0.0024276371113955975, 0.00234675663523376, 0.0023131927009671926, 0.002266421215608716, 0.0022220471873879433, 0.002189120976254344, 0.0021668567787855864, 0.0021599058527499437], "mae": [0.0042205932550132275, 0.002657218836247921, 0.0024276371113955975, 0.00234675663523376, 0.0023131927009671926, 0.002266421215608716, 0.0022220471873879433, 0.002189120976254344, 0.0021668567787855864, 0.0021599058527499437], "val_loss": [0.0020803252700716257, 0.003202130552381277, 0.0023043565452098846, 0.0021942516323179007, 0.0018298127688467503, 0.004110777750611305, 0.0020851490553468466, 0.0022025201469659805, 0.004289795644581318, 0.002769497223198414], "val_mae": [0.0020803252700716257, 0.003202130552381277, 0.0023043565452098846, 0.0021942516323179007, 0.0018298127688467503, 0.004110777750611305, 0.0020851490553468466, 0.0022025201469659805, 0.004289795644581318, 0.002769497223198414]}