{"loss": [0.009820211678743362, 0.00804959051311016, 0.007808862254023552, 0.007793883327394724, 0.007783870212733746, 0.007783567067235708, 0.0077842469327151775, 0.007778633385896683, 0.00777888810262084, 0.0077787344343960285, 0.007776251994073391, 0.007776062469929457, 0.007776038721203804, 0.007774443831294775, 0.007774584461003542, 0.007774440571665764, 0.007773425430059433], "mae": [0.009820211678743362, 0.00804959051311016, 0.007808862254023552, 0.007793883327394724, 0.007783870212733746, 0.007783567067235708, 0.0077842469327151775, 0.007778633385896683, 0.00777888810262084, 0.0077787344343960285, 0.007776251994073391, 0.007776062469929457, 0.007776038721203804, 0.007774443831294775, 0.007774584461003542, 0.007774440571665764, 0.007773425430059433], "val_loss": [0.008561846800148487, 0.008572342805564404, 0.008553731255233288, 0.008562293834984303, 0.008546826429665089, 0.00854820478707552, 0.00855409074574709, 0.008551257662475109, 0.008543525822460651, 0.00854520034044981, 0.008536627516150475, 0.008535989560186863, 0.008538942784070969, 0.00853825081139803, 0.008538711816072464, 0.008537355810403824, 0.0085385637357831], "val_mae": [0.008561846800148487, 0.008572342805564404, 0.008553731255233288, 0.008562293834984303, 0.008546826429665089, 0.00854820478707552, 0.00855409074574709, 0.008551257662475109, 0.008543525822460651, 0.00854520034044981, 0.008536627516150475, 0.008535989560186863, 0.008538942784070969, 0.00853825081139803, 0.008538711816072464, 0.008537355810403824, 0.0085385637357831], "lr": [0.0010000000474974513, 0.0010000000474974513, 0.0010000000474974513, 0.0010000000474974513, 0.0005000000237487257, 0.0005000000237487257, 0.0005000000237487257, 0.0002500000118743628, 0.0002500000118743628, 0.0002500000118743628, 0.0001250000059371814, 0.0001250000059371814, 0.0001250000059371814, 6.25000029685907e-05, 6.25000029685907e-05, 6.25000029685907e-05, 3.125000148429535e-05]}