{"loss": [6.990853762545157e-06, 3.929802119273518e-07, 3.122508758224285e-07, 2.641343144205166e-07, 2.448159932555427e-07, 2.2582753445021808e-07, 2.1675825223610445e-07, 2.0609243733815674e-07, 2.0038530124111276e-07, 1.9483422875055112e-07, 1.9016476926481118e-07, 1.860538958453617e-07, 1.8055060024835257e-07, 1.7683963449144358e-07, 1.7576074640146544e-07, 1.7336049040750368e-07, 1.7101665150676126e-07, 1.692960864829729e-07, 1.6838841077060351e-07, 1.6584898787641578e-07, 1.6455986440178094e-07, 1.6289959603454918e-07, 1.617543006204869e-07, 1.600049017724814e-07], "val_loss": [1.3161296692487667e-06, 1.1959340326939127e-06, 1.841010117686892e-07, 3.6481293363976874e-07, 1.6767371846526657e-07, 4.608506287695491e-07, 1.1801466826000251e-07, 2.742031313118787e-07, 8.924553753786313e-07, 1.757149874492825e-07, 1.1051363912883971e-07, 1.5925860452625784e-07, 1.501146300597611e-07, 1.0687063678460618e-07, 2.7183807560504647e-07, 1.2486071909734164e-07, 4.042902048695396e-07, 2.0733348549129005e-07, 1.3715354896248755e-07, 1.5069021230829094e-07, 3.1654820986659615e-07, 1.9661571570850356e-07, 1.775141100779365e-07, 4.839069447371003e-07]}