{"loss": [0.004715874325484037, 0.002573132747784257, 0.0023009267169982195, 0.0022109008859843016, 0.002165445126593113, 0.0021276893094182014, 0.001985984854400158, 0.001981174573302269], "mae": [0.004715874325484037, 0.002573132747784257, 0.0023009267169982195, 0.0022109008859843016, 0.002165445126593113, 0.0021276893094182014, 0.001985984854400158, 0.001981174573302269], "val_loss": [0.004055335186421871, 0.001867682789452374, 0.0015018786070868373, 0.003281019162386656, 0.0020523646380752325, 0.0029140571132302284, 0.001721497974358499, 0.0015947282081469893], "val_mae": [0.004055335186421871, 0.001867682789452374, 0.0015018786070868373, 0.003281019162386656, 0.0020523646380752325, 0.0029140571132302284, 0.001721497974358499, 0.0015947282081469893], "lr": [0.001, 0.001, 0.001, 0.001, 0.001]}