{"loss": [0.00454159639775753, 0.0026039322838187218, 0.0021941736340522766, 0.0020676585845649242, 0.002005069749429822, 0.0019715474918484688, 0.0018091752426698804, 0.001807981519959867, 0.0017955799121409655, 0.0017951548798009753, 0.0017851546872407198, 0.0017784724477678537, 0.0017795339226722717, 0.0017734668217599392, 0.0017748735845088959, 0.0017032957402989268, 0.001704693422652781, 0.0017039915546774864, 0.0016673580976203084, 0.001666623866185546, 0.001667208969593048, 0.0016442821361124516], "mae": [0.00454159639775753, 0.0026039322838187218, 0.0021941736340522766, 0.0020676585845649242, 0.002005069749429822, 0.0019715474918484688, 0.0018091752426698804, 0.001807981519959867, 0.0017955799121409655, 0.0017951548798009753, 0.0017851546872407198, 0.0017784724477678537, 0.0017795339226722717, 0.0017734668217599392, 0.0017748735845088959, 0.0017032957402989268, 0.001704693422652781, 0.0017039915546774864, 0.0016673580976203084, 0.001666623866185546, 0.001667208969593048, 0.0016442821361124516], "val_loss": [0.006338854786008596, 0.004367024637758732, 0.001850247266702354, 0.003987422212958336, 0.0018798885866999626, 0.0019128324929624796, 0.0012539287563413382, 0.0015057491837069392, 0.0012075552949681878, 0.0011243417393416166, 0.001162839587777853, 0.0009718835353851318, 0.001188816619105637, 0.002644349355250597, 0.0014608085621148348, 0.000913590716663748, 0.0009070959058590233, 0.002542750909924507, 0.0012401246931403875, 0.0009654432651586831, 0.0009415117092430592, 0.0010040272027254105], "val_mae": [0.006338854786008596, 0.004367024637758732, 0.001850247266702354, 0.003987422212958336, 0.0018798885866999626, 0.0019128324929624796, 0.0012539287563413382, 0.0015057491837069392, 0.0012075552949681878, 0.0011243417393416166, 0.001162839587777853, 0.0009718835353851318, 0.001188816619105637, 0.002644349355250597, 0.0014608085621148348, 0.000913590716663748, 0.0009070959058590233, 0.002542750909924507, 0.0012401246931403875, 0.0009654432651586831, 0.0009415117092430592, 0.0010040272027254105], "lr": [