{"loss": [4.902765795122832e-06, 4.326918201513763e-07, 3.2318345688509e-07, 2.782509227472474e-07, 2.509586352061888e-07, 2.328147132857339e-07, 2.2171715841068362e-07, 2.090725530479176e-07, 2.025713854436617e-07, 1.971801992795008e-07, 1.9007826779215975e-07, 1.859711602492098e-07, 1.8384068312116142e-07, 1.8045824390355847e-07, 1.7718788569709432e-07, 1.7372177296692826e-07, 1.7099918636631628e-07, 1.688468245220065e-07], "val_loss": [1.458009677435257e-07, 2.4646530505378905e-07, 2.3467127618914674e-07, 2.3784369318491372e-07, 1.1836178828161792e-06, 1.8312874772163923e-07, 1.6203892982957768e-07, 1.0753957013776017e-07, 3.403152959435829e-07, 1.831177911526538e-07, 1.1235733410330795e-07, 1.1971285118761443e-07, 9.739975439515547e-07, 1.214307872032805e-07, 1.6347654252513166e-07, 2.0196735306399205e-07, 6.586736276403826e-07, 1.3744120508363267e-07]}