{"loss": [0.009960409253835678, 0.008101889863610268, 0.007947223260998726, 0.007868453860282898, 0.007798276841640472, 0.0077699110843241215, 0.007736209314316511, 0.007593235932290554, 0.00758572481572628], "mae": [0.009960409253835678, 0.008101889863610268, 0.007947223260998726, 0.007868453860282898, 0.007798276841640472, 0.0077699110843241215, 0.007736209314316511, 0.007593235932290554, 0.00758572481572628], "val_loss": [0.0041419221088290215, 0.0030407339800149202, 0.006992881186306477, 0.0017740798648446798, 0.003212489653378725, 0.002753101522102952, 0.004982405807822943, 0.004487946163862944, 0.004997630137950182], "val_mae": [0.0041419221088290215, 0.0030407339800149202, 0.006992881186306477, 0.0017740798648446798, 0.003212489653378725, 0.002753101522102952, 0.004982405807822943, 0.004487946163862944, 0.004997630137950182], "lr": [