{"loss": [0.0007249204791150987], "val_loss": [0.0002829626901075244]}