{"loss": [0.004437286872416735, 0.0025998661294579506, 0.0021984735503792763, 0.0020827106200158596, 0.0020193608943372965, 0.001983125228434801, 0.0019534616731107235, 0.0018068267963826656, 0.001797970267944038], "mae": [0.004437286872416735, 0.0025998661294579506, 0.0021984735503792763, 0.0020827106200158596, 0.0020193608943372965, 0.001983125228434801, 0.0019534616731107235, 0.0018068267963826656, 0.001797970267944038], "val_loss": [0.003501864382997155, 0.002335162600502372, 0.0010811506072059274, 0.0009803141001611948, 0.003927806857973337, 0.0038016571197658777, 0.0010532393353059888, 0.0012032120721414685, 0.0010510594584047794], "val_mae": [0.003501864382997155, 0.002335162600502372, 0.0010811506072059274, 0.0009803141001611948, 0.003927806857973337, 0.0038016571197658777, 0.0010532393353059888, 0.0012032120721414685, 0.0010510594584047794], "lr": [0.0010000000474974513, 0.0010000000474974513, 0.0010000000474974513, 0.0010000000474974513, 0.0010000000474974513, 0.0010000000474974513, 0.0010000000474974513, 0.0005000000237487257, 0.0005000000237487257]}