{"loss": [0.0001182575651910156, 9.868496272247285e-05, 9.569126268615946e-05, 9.368929750053212e-05, 9.240958752343431e-05, 9.160178888123482e-05, 9.092266554944217e-05, 9.020806464832276e-05, 8.968759357230738e-05, 8.955071098171175e-05, 8.927889575716108e-05, 9.646762919146568e-05, 8.89054499566555e-05, 8.874225750332698e-05, 8.848198194755241e-05, 8.844943658914417e-05, 8.828051795717329e-05, 8.915868966141716e-05, 8.817887282930315e-05, 8.81523810676299e-05], "val_loss": [0.21136347949504852, 0.11479310691356659, 0.08569420874118805, 0.07826193422079086, 0.07281987369060516, 0.08589579164981842, 0.07509542256593704, 0.0649968683719635, 0.060248903930187225, 0.0611228309571743, 0.04592083767056465, 0.03705042973160744, 0.036330338567495346, 0.03200269490480423, 0.06100500002503395, 0.1684316247701645, 0.3007079064846039, 0.2239379733800888, 0.23171772062778473, 0.2875048518180847]}