{"loss": [4.053919383295579e-06, 2.838492036971729e-07, 2.3222436595915497e-07, 2.0716325366265664e-07, 1.942483720540622e-07, 1.8274505464432877e-07, 1.750703688685462e-07, 1.6862834684161498e-07, 1.6473541109007783e-07, 1.64339311936601e-07, 1.582406667921532e-07, 1.557025797183087e-07, 1.5414290999160585e-07, 1.5191808699910325e-07, 1.4974838791204093e-07, 1.4928696145943832e-07], "val_loss": [3.8729612583665585e-07, 6.036995614522311e-07, 6.473995881606243e-07, 5.273195711197332e-07, 1.1020687651353e-07, 1.091528361030214e-07, 1.5006250464466575e-07, 5.553400796998176e-07, 1.1628537066599165e-07, 1.149405619571553e-07, 1.6865047314240655e-07, 1.800285502895349e-07, 1.1121178999928816e-07, 3.2122360948960704e-07, 2.0332130645783764e-07, 3.4178111718574655e-07]}