{"loss": [0.0002705103252083063, 0.0002126634499290958, 0.00020970295008737594, 0.00020778508041985333, 0.00020699352899100631, 0.00020644394680857658, 0.00020599632989615202, 0.00020485099230427295, 0.00020481101819314063, 0.000205227144761011, 0.00020421233784873039, 0.00020414420578163117, 0.00020387450058478862, 0.00020424755348358303, 0.00020429598225746304, 0.000203858275199309, 0.00020339092588983476, 0.0002035347861237824, 0.00020389318524394184, 0.00020363567455206066], "val_loss": [9.384397344547324e-06, 2.229986603197176e-05, 1.3356290764932055e-05, 3.3797834475990385e-05, 1.6003359633032233e-05, 5.862295438419096e-05, 4.034738594782539e-05, 6.905179361638147e-07, 4.8337524276576005e-06, 5.669867277902085e-06, 6.013009624439292e-06, 1.849013460741844e-05, 5.202135071158409e-06, 5.7883321460394654e-06, 1.9020126273971982e-05, 1.4127285794529598e-06, 6.0791699070250615e-06, 1.6180634702323005e-05, 8.858002047418267e-07, 8.422273936048441e-07]}