{"loss": [6.7895693973696325e-06, 2.5510755108371086e-07, 2.172588864368663e-07, 1.9847888665935898e-07, 1.8546445801348455e-07, 1.7857057343917404e-07, 1.7238465943592018e-07, 1.669756386490917e-07, 1.6202400843212672e-07, 1.6119321344376658e-07, 1.5673819575567904e-07, 1.5431466238169378e-07], "val_loss": [4.118528522667475e-07, 1.0109424408710765e-07, 1.0519291890886961e-06, 3.7396884522422624e-07, 1.3711225221868517e-07, 7.465043836418772e-07, 4.4182459646435746e-07, 2.694450245144253e-07, 3.8407497982007044e-07, 1.090234107437027e-07, 1.1252557641228123e-07, 1.949596537542675e-07]}