{"loss": [0.007779616862535477, 0.0070960125885903835, 0.006998221389949322, 0.006954052485525608, 0.006913048680871725, 0.006895754486322403, 0.006879197433590889, 0.006870936136692762, 0.006857841741293669], "val_loss": [0.002618025988340378, 0.004816816188395023, 0.00319591979496181, 0.0009125165524892509, 0.002334254328161478, 0.0010961125371977687, 0.0029178629629313946, 0.0021134603302925825, 0.0014997591497376561]}