{"loss": [0.00010104273678734899, 8.308404358103871e-05, 8.002400863915682e-05, 7.828861998859793e-05, 7.716614345554262e-05, 7.664938311791047e-05, 7.587630534544587e-05, 7.525663386331871e-05, 7.496883335988969e-05, 7.423918577842414e-05, 7.415673462674022e-05, 7.385392382275313e-05, 7.377066503977403e-05, 7.372959953499958e-05, 7.354470290010795e-05, 7.333359098993242e-05, 7.317581184906885e-05], "val_loss": [1.1080039257649332e-05, 2.3624172172276303e-05, 0.00021975098934490234, 3.7105933188286144e-06, 4.477914444578346e-06, 4.3449334043543786e-05, 2.0260470137145603e-06, 7.38329254090786e-06, 3.473332253633998e-05, 1.246003284904873e-05, 2.2016371076460928e-05, 1.8842114513972774e-05, 1.0370523341407534e-05, 2.5803223252296448e-05, 5.8740420172398444e-06, 3.068347950829775e-06, 2.2095498479757225e-06]}