{"loss": [0.0027657924219965935, 0.0022682230919599533, 0.002213897183537483, 0.002187151927500963, 0.0021675045136362314, 0.0021491232328116894, 0.0021424111910164356], "val_loss": [0.002657103119418025, 0.0009557980811223388, 0.0010725052561610937, 0.0009691535960882902, 0.0010641906410455704, 0.0010403782362118363, 0.001241999096237123]}