{"loss": [0.000107167026726529, 8.878408698365092e-05, 8.743143553147092e-05, 8.679915481479838e-05, 8.619263098808005e-05, 8.597932173870504e-05, 8.575468382332474e-05, 8.565313328290358e-05, 8.551315113436431e-05, 8.566692122258246e-05, 8.533890650141984e-05, 8.530537888873369e-05, 8.528069156454876e-05, 8.526556484866887e-05, 8.532556967111304e-05, 8.511429768987e-05, 8.487810555379838e-05, 8.511779742548242e-05, 8.477560186292976e-05, 8.453462942270562e-05], "val_loss": [8.725253792363219e-06, 5.2546751248883083e-05, 9.632601177145261e-06, 2.9562337658717297e-05, 1.8310416635358706e-05, 0.00010458488395670429, 8.645113848615438e-05, 2.271722405566834e-05, 0.00012101951870135963, 0.00014895321510266513, 9.595153824193403e-05, 0.00012770069588441402, 8.564928430132568e-05, 0.00032641482539474964, 0.0003612543223425746, 0.0005245059728622437, 0.00026978147798217833, 0.0003093384439125657, 0.00022940266353543848, 0.0003964376519434154]}